productid,name,date
1,Bread - Frozen Basket Variety,09/08/2022
2,Cup Translucent 9 Oz,31/08/2022
3,Cup - 8oz Coffee Perforated,07-kw2022
4,Guinea Fowl,
5,Pop Shoppe Cream Soda,26/12/2021
6,Soupcontfoam16oz 116con,19/03/2022
7,Creme De Menth - White,11/06/2022
8,Tea - Camomele,
9,Beans - French,10/02/2022
10,"Tomatoes - Plum, Canned",05/03/2022
11,"Shrimp - 16/20, Iqf, Shell On",12/09/2022
12,Yoghurt Tubes,11/12/2021
13,"Soup - Campbells, Cream Of",08/07/2022
14,Muffin Batt - Blueberry Passion,07/06/2022
15,Nantucket Apple Juice,08/02/2022
16,Bread Crumbs - Panko,27/09/2022
17,"Apple - Delicious, Red",
18,Pants Custom Dry Clean,
19,Beef - Salted,25/07/2022
20,Bread Foccacia Whole,01/11/2021
21,Tea - Lemon Scented,20/04/2022
22,Plums - Red,
23,"Lentils - Red, Dry",03/03/2022
24,Water - Tonic,22/09/2022
25,"Nut - Peanut, Roasted",02/07/2022
26,Paste - Black Olive,22/02/2022
27,Carbonated Water - White Grape,06/11/2021
28,True - Vue Containers,31/10/2021
29,Cup - 8oz Coffee Perforated,27/07/2022
30,Syrup - Kahlua Chocolate,26/03/2022
31,Wine - Prosecco Valdobiaddene,26/03/2022
32,Cocoa Feuilletine,05/07/2022
33,Wine - Stoneliegh Sauvignon,07/10/2022
34,"Pasta - Penne, Rigate, Dry",
35,Crackers Cheez It,14/08/2022
36,Tray - 12in Rnd Blk,23/09/2022
37,Table Cloth 54x54 Colour,12/10/2022
38,Chocolate Bar - Coffee Crisp,20/01/2022
39,Flower - Potmums,14/09/2022
40,Energy Drink - Franks Original,19/10/2021
41,Spaghetti Squash,11/09/2022
42,Wine - Kwv Chenin Blanc South,08/07/2022
43,"Pasta - Linguini, Dry",17/11/2021
44,"Bread - Sticks, Thin, Plain",02/03/2022
45,Coffee - Hazelnut Cream,10/04/2022
46,Wine - Magnotta - Belpaese,21/05/2022
47,Pastry - Choclate Baked,08/08/2022
48,Phyllo Dough,
49,"Pasta - Penne Primavera, Single",22/07/2022
50,Pastry - Raisin Muffin - Mini,20/11/2021
51,"Bag - Bread, White, Plain",
52,Apples - Sliced / Wedge,02/04/2022
53,Lime Cordial - Roses,23/05/2022
54,Cookies - Englishbay Oatmeal,01/04/2022
55,"Nut - Walnut, Chopped",02/08/2022
56,Ice Cream Bar - Oreo Sandwich,12/04/2022
57,Bonito Flakes - Toku Katsuo,05/10/2022
58,Pepper - Gypsy Pepper,14/09/2022
59,Longos - Chicken Cordon Bleu,13/09/2022
60,"Yogurt - Blueberry, 175 Gr",24/05/2022
61,Rhubarb,18/05/2022
62,Beer - Pilsner Urquell,01/07/2022
63,Jam - Raspberry,14/07/2022
64,"Nut - Peanut, Roasted",12/12/2021
65,"Wine - Red, Mouton Cadet",06/10/2022
66,Longos - Assorted Sandwich,22/06/2022
67,Cherries - Fresh,07/09/2022
68,"Turkey - Breast, Double",19/11/2021
69,Allspice - Jamaican,
70,Salmon - Sockeye Raw,09/04/2022
71,Yoplait - Strawbrasp Peac,23/09/2022
72,Ginger - Pickled,12/11/2021
73,Milk - Skim,26/03/2022
74,Table Cloth 90x90 Colour,19/09/2022
75,Cabbage - Red,30/01/2022
76,Momiji Oroshi Chili Sauce,12/04/2022
77,Absolut Citron,24/07/2022
78,Wine - Stoneliegh Sauvignon,29/12/2021
79,Beets,01/10/2022
80,Monkfish - Fresh,12/12/2021
81,"Pepper - Black, Ground",13/10/2022
82,Chickensplit Half,03/07/2022
83,Lobster - Tail 6 Oz,05/02/2022
84,Wine - Rhine Riesling Wolf Blass,02/02/2022
85,Butter Sweet,
86,Lamb Shoulder Boneless Nz,11/11/2021
87,Bagel - Everything,28/02/2022
88,Beer - Tetleys,24/07/2022
89,Tea - Decaf Lipton,15/01/2022
90,Tea - Apple Green Tea,02/07/2022
91,Truffle - Peelings,
92,"Bread - Dark Rye, Loaf",27/06/2022
93,Wine - Magnotta - Cab Sauv,18/11/2021
94,Butter Sweet,19/05/2022
95,Chinese Foods - Thick Noodles,05/10/2022
96,Bread - Flat Bread,26/07/2022
97,Peas Snow,
98,Sage Derby,06/02/2022
99,Cornstarch,04/08/2022
100,Sugar - Icing,25/05/2022
101,Crackers Cheez It,06/03/2022
102,"Mushroom - Shitake, Fresh",06/12/2021
103,Cake - Miini Cheesecake Cherry,
104,Dish Towel,08/10/2022
105,"Tarragon - Primerba, Paste",
106,Pasta - Angel Hair,10/10/2022
107,Lid Tray - 12in Dome,26/06/2022
108,Salmon Atl.whole 8 - 10 Lb,03/12/2021
109,Garbage Bags - Clear,18/06/2022
110,Worcestershire Sauce,01/02/2022
111,Lemons,05/04/2022
112,"Veal - Inside, Choice",10/12/2021
113,Marjoram - Fresh,19/05/2022
114,Beer - Mill St Organic,10/02/2022
115,Pork - Backfat,16/02/2022
116,Hold Up Tool Storage Rack,25/01/2022
117,Puree - Mango,03/05/2022
118,Star Fruit,16/01/2022
119,"Bread - Bagels, Plain",14/03/2022
120,Spice - Greek 1 Step,06/07/2022
121,Calvados - Boulard,14/11/2021
122,Dasheen,17/05/2022
123,Dill Weed - Fresh,10/05/2022
124,"Juice - Clamato, 341 Ml",03/04/2022
125,Rhubarb,29/07/2022
126,Beer - Paulaner Hefeweisse,14/10/2022
127,Juice - Apple Cider,15/07/2022
128,Carbonated Water - Orange,08/02/2022
129,Lettuce - Escarole,12/03/2022
130,Dried Cranberries,27/10/2021
131,Lemon Balm - Fresh,27/01/2022
132,Trueblue - Blueberry,19/02/2022
133,Danishes - Mini Cheese,16/10/2021
134,Flour Dark Rye,07/05/2022
135,Veal - Eye Of Round,28/08/2022
136,Straws - Cocktale,19/11/2021
137,"Fish - Atlantic Salmon, Cold",02/05/2022
138,Coffee Guatemala Dark,
139,Nantucket - Pomegranate Pear,30/10/2021
140,"Pasta - Rotini, Colour, Dry",05/11/2021
141,"Rum - Light, Captain Morgan",30/10/2021
142,Syrup - Chocolate,07/10/2022
143,Sorrel - Fresh,
144,Juice - V8 Splash,16/03/2022
145,Bread Base - Italian,07/01/2022
146,Squash - Sunburst,08/06/2022
147,Foam Dinner Plate,19/12/2021
148,Cheese - Camembert,19/07/2022
149,Wine - Champagne Brut Veuve,03/07/2022
150,"Tea - Darjeeling, Azzura",23/09/2022
151,Lid - 0090 Clear,08/03/2022
152,Wine - Baron De Rothschild,26/02/2022
153,Apple - Macintosh,
154,"Wine - Red, Cabernet Merlot",27/04/2022
155,"Lamb - Leg, Bone In",14/03/2022
156,Ice Cream - Turtles Stick Bar,29/04/2022
157,Peppercorns - Pink,
158,Bread Crumbs - Japanese Style,11/12/2021
159,Pepper - Orange,26/06/2022
160,Lamb - Loin Chops,15/09/2022
161,"Trout - Rainbow, Frozen",10/10/2022
162,Fennel,02/11/2021
163,Muffin Mix - Chocolate Chip,20/07/2022
164,Water - Evian 355 Ml,18/02/2022
165,"Chicken - White Meat, No Tender",20/08/2022
166,Pie Pecan,15/12/2021
167,Flour - Cake,22/06/2022
168,Creme De Menth - White,08/03/2022
169,Mousse - Mango,22/12/2021
170,Pork - Liver,16/04/2022
171,Cheese - Asiago,05/06/2022
172,Seaweed Green Sheets,
173,Dc - Frozen Momji,23/03/2022
174,Icecream - Dstk Cml And Fdg,20/08/2022
175,Spice - Greek 1 Step,15/03/2022
176,Tia Maria,26/11/2021
177,Chocolate Bar - Reese Pieces,
178,"Wine - Mas Chicet Rose, Vintage",24/06/2022
179,Jolt Cola,01/07/2022
180,Crackers - Melba Toast,03/12/2021
181,Pears - Bosc,02/12/2021
182,Spice - Onion Powder Granulated,15/02/2022
183,Icecream Bar - Del Monte,11/04/2022
184,Cotton Wet Mop 16 Oz,18/11/2021
185,Longos - Chicken Caeser Salad,28/09/2022
186,"Shrimp - 21/25, Peel And Deviened",20/07/2022
187,Chicken - Ground,02/01/2022
188,"Mop Head - Cotton, 24 Oz",23/02/2022
189,Water - Evian 355 Ml,12/05/2022
190,Okra,02/08/2022
191,Gherkin,01/09/2022
192,V8 Pet,18/05/2022
193,Basil - Fresh,16/05/2022
194,Iced Tea Concentrate,15/10/2021
195,"Cheese - Woolwich Goat, Log",27/07/2022
196,Chives - Fresh,25/02/2022
197,Cleaner - Pine Sol,
198,Gatorade - Lemon Lime,
199,"Thyme - Lemon, Fresh",22/12/2021
200,Hinge W Undercut,16/09/2022
201,Pepperoni Slices,09/06/2022
202,Cabbage - Green,04/09/2022
203,Oil - Sunflower,06/04/2022
204,Sterno - Chafing Dish Fuel,14/07/2022
205,Flour - Chickpea,09/08/2022
206,Foil - Round Foil,05/08/2022
207,Muffin - Blueberry Individual,08/04/2022
208,Shrimp - 31/40,08/01/2022
209,Squash - Butternut,15/02/2022
210,Bread - Bistro Sour,03/06/2022
211,"Wine - Magnotta, White",
212,Fireball Whisky,05/11/2021
213,Goulash Seasoning,
214,Pastry - Lemon Danish - Mini,
215,Blueberries - Frozen,
216,Table Cloth 81x81 White,31/10/2021
217,Beef - Short Loin,
218,Mint - Fresh,08/06/2022
219,"Syrup - Golden, Lyles",13/07/2022
220,"Wine - White, Pelee Island",16/11/2021
221,Soup - Campbells Mac N Cheese,06/06/2022
222,Praline Paste,19/09/2022
223,Cake - Dulce De Leche,24/08/2022
224,Sobe - Cranberry Grapefruit,19/04/2022
225,Pur Source,24/06/2022
226,Calypso - Lemonade,
227,Savory,05/05/2022
228,"Pasta - Fusili, Dry",10/12/2021
229,Dc - Frozen Momji,24/10/2021
230,Tia Maria,05/03/2022
231,Ketchup - Tomato,24/09/2022
232,Ice Cream - Life Savers,11/12/2021
233,"Wine - White, Riesling, Semi - Dry",20/05/2022
234,Chocolate - Sugar Free Semi Choc,31/05/2022
235,Trout - Smoked,15/12/2021
236,Mushrooms - Honey,20/03/2022
237,"7up Diet, 355 Ml",22/07/2022
238,Wine - Duboeuf Beaujolais,20/02/2022
239,Coffee Guatemala Dark,08/06/2022
240,Asparagus - Frozen,14/07/2022
241,Beer - Paulaner Hefeweisse,30/09/2022
242,Cookies - Assorted,18/05/2022
243,Muffin Mix - Morning Glory,30/01/2022
244,Pastrami,07/03/2022
245,"Coke - Classic, 355 Ml",31/05/2022
246,Soup - Base Broth Beef,21/10/2021
247,Cream - 18%,
248,Truffle - Peelings,27/03/2022
249,V8 Splash Strawberry Banana,15/09/2022
250,Beef Tenderloin Aaa,04/05/2022
251,Piping - Bags Quizna,19/09/2022
252,Soup - Campbells Asian Noodle,26/09/2022
253,Momiji Oroshi Chili Sauce,24/08/2022
254,Carbonated Water - White Grape,20/12/2021
255,"Wine - Red, Antinori Santa",31/12/2021
256,Cheese - Colby,26/02/2022
257,Ice Cream - Fudge Bars,27/05/2022
258,Energy Drink Red Bull,30/06/2022
259,Chervil - Fresh,16/11/2021
260,Dill Weed - Fresh,27/03/2022
261,Wine - Prem Select Charddonany,05/12/2021
262,Puree - Passion Fruit,17/12/2021
263,Apron,20/11/2021
264,Water - Perrier,
265,Lobster - Canned Premium,01/10/2022
266,Soup - Campbells Chili Veg,30/10/2021
267,Lotus Leaves,28/03/2022
268,Wine - Merlot Vina Carmen,
269,Sunflower Seed Raw,18/06/2022
270,Cheese - Cream Cheese,26/12/2021
271,Flour - Rye,03/01/2022
272,Paper - Brown Paper Mini Cups,04/07/2022
273,Muffin Orange Individual,09/10/2022
274,Milk - 2%,16/02/2022
275,Lime Cordial - Roses,29/07/2022
276,Flavouring Vanilla Artificial,31/12/2021
277,"Wine - Red, Lurton Merlot De",13/09/2022
278,Wine - Ruffino Chianti Classico,30/01/2022
279,Wine - Chablis 2003 Champs,01/10/2022
280,Onions - Green,25/02/2022
281,Bread - Wheat Baguette,10/01/2022
282,Ecolab - Hobart Washarm End Cap,17/09/2022
283,Ostrich - Prime Cut,07/03/2022
284,Dish Towel,18/05/2022
285,Wine - Carmenere Casillero Del,21/07/2022
286,Sping Loaded Cup Dispenser,10/09/2022
287,Tea - Herbal Orange Spice,10/11/2021
288,Dip - Tapenade,
289,Allspice - Jamaican,
290,Bread - Triangle White,09/07/2022
291,"Pork - Butt, Boneless",23/06/2022
292,Dried Apple,18/08/2022
293,Container - Foam Dixie 12 Oz,27/03/2022
294,Pasta - Agnolotti - Butternut,30/07/2022
295,Beer - Blue Light,06/06/2022
296,Duck - Legs,23/08/2022
297,Beer - Camerons Cream Ale,30/01/2022
298,"Stock - Beef, White",08/11/2021
299,Spinach - Frozen,10/06/2022
300,Energy Drink - Redbull 355ml,
301,Sunflower Seed Raw,17/06/2022
302,Magnotta - Bel Paese White,20/12/2021
303,"Soup - Campbells, Spinach Crm",26/11/2021
304,Sesame Seed,27/09/2022
305,Chocolate - Sugar Free Semi Choc,09/06/2022
306,Ham - Black Forest,23/11/2021
307,Veal - Provimi Inside,25/08/2022
308,Pasta - Agnolotti - Butternut,
309,Lettuce - Escarole,29/11/2021
310,"Club Soda - Schweppes, 355 Ml",12/09/2022
311,"Cake Circle, Foil, Scallop",
312,"Bread - Dark Rye, Loaf",19/09/2022
313,Lamb Leg - Bone - In Nz,17/07/2022
314,Blue Curacao - Marie Brizard,
315,Wine - Jaboulet Cotes Du Rhone,01/11/2021
316,Appetizer - Sausage Rolls,29/05/2022
317,Ice Cream - Super Sandwich,
318,Sorrel - Fresh,
319,Cup Translucent 9 Oz,21/03/2022
320,Capers - Pickled,26/11/2021
321,"Potatoes - Yukon Gold, 80 Ct",27/11/2021
322,"Wine - Red, Lurton Merlot De",10/07/2022
323,Flour - Teff,22/01/2022
324,Veal - Kidney,27/03/2022
325,Vodka - Smirnoff,17/12/2021
326,Juice - Ocean Spray Kiwi,28/10/2021
327,"Beef - Ox Tongue, Pickled",
328,Nantucket - Carrot Orange,04/07/2022
329,Cookies - Englishbay Chochip,16/01/2022
330,Bread Base - Goodhearth,30/01/2022
331,Wine - Chateauneuf Du Pape,03/01/2022
332,Appetizer - Shrimp Puff,08/12/2021
333,Bread - Olive,
334,Beef Dry Aged Tenderloin Aaa,10/10/2022
335,Beer - Blue,19/08/2022
336,Aspic - Light,03/02/2022
337,Tandoori Curry Paste,28/09/2022
338,Oil - Cooking Spray,
339,Artichokes - Jerusalem,20/06/2022
340,Bagel - Whole White Sesame,14/11/2021
341,Sherry - Dry,12/11/2021
342,"Pepsi - Diet, 355 Ml",03/07/2022
343,Vinegar - Balsamic,
344,V8 - Berry Blend,18/02/2022
345,Cranberry Foccacia,31/12/2021
346,"Nut - Chestnuts, Whole",06/06/2022
347,Cookies Cereal Nut,05/08/2022
348,Rolled Oats,02/10/2022
349,Baking Powder,22/02/2022
350,Soap - Mr.clean Floor Soap,18/10/2021
351,Pomegranates,11/08/2022
352,Wine - Maipo Valle Cabernet,18/03/2022
353,Paper - Brown Paper Mini Cups,01/01/2022
354,Flour - Fast / Rapid,13/03/2022
355,"Trout - Rainbow, Fresh",31/05/2022
356,Apricots - Halves,
357,"Pork - Sausage, Medium",20/04/2022
358,"Water - Spring Water, 355 Ml",23/03/2022
359,Nantucket - Orange Mango Cktl,26/05/2022
360,Yokaline,07/10/2022
361,Beer - Maudite,21/12/2021
362,Rye Special Old,03/12/2021
363,Bread Base - Gold Formel,24/11/2021
364,Wine - Cotes Du Rhone Parallele,29/09/2022
365,Pepper - Chili Powder,05/12/2021
366,Plate Pie Foil,
367,Ginger - Ground,31/08/2022
368,Beans - Soya Bean,21/11/2021
369,Longos - Chicken Curried,
370,Beans - Kidney White,17/06/2022
371,Juice - Apple 284ml,05/03/2022
372,"Artichoke - Hearts, Canned",19/10/2021
373,Food Colouring - Green,12/05/2022
374,Sachet,07/03/2022
375,Bread Base - Gold Formel,24/06/2022
376,"Asparagus - Green, Fresh",10/03/2022
377,Lotus Rootlets - Canned,05/05/2022
378,Flavouring Vanilla Artificial,
379,Piping - Bags Quizna,
380,"Chocolate - Pistoles, White",04/12/2021
381,Bag - Regular Kraft 20 Lb,16/01/2022
382,Petite Baguette,14/02/2022
383,Wine - Alsace Gewurztraminer,12/09/2022
384,Herb Du Provence - Primerba,18/10/2021
385,Cornish Hen,24/02/2022
386,"Soup - Beef, Base Mix",27/08/2022
387,Bagel - Plain,09/07/2022
388,Coffee Decaf Colombian,28/08/2022
389,Foil - Round Foil,19/09/2022
390,"Coconut - Shredded, Sweet",16/06/2022
391,"Pork - Loin, Center Cut",27/03/2022
392,"Lamb - Whole Head Off,nz",27/09/2022
393,Cleaner - Comet,01/07/2022
394,Chocolate Eclairs,18/05/2022
395,Bouillion - Fish,16/02/2022
396,Duck - Breast,20/06/2022
397,Capers - Pickled,
398,Dried Cherries,06/03/2022
399,Cream - 18%,15/04/2022
400,Triple Sec - Mcguinness,22/10/2021
401,Chives - Fresh,08/10/2022
402,"Coconut - Creamed, Pure",21/10/2021
403,Jack Daniels,23/10/2021
404,Wine - Magnotta - Bel Paese White,07/05/2022
405,Spice - Pepper Portions,24/11/2021
406,Beer - Pilsner Urquell,18/12/2021
407,Langers - Cranberry Cocktail,
408,Yoghurt Tubes,23/08/2022
409,Milk - Skim,09/06/2022
410,V8 - Tropical Blend,27/03/2022
411,"Nut - Hazelnut, Whole",07/08/2022
412,Okra,30/05/2022
413,Lamb - Rack,21/12/2021
414,"Syrup - Monin, Amaretta",21/08/2022
415,Soup - Campbells Broccoli,13/06/2022
416,Beans - French,10/04/2022
417,"Stock - Veal, White",16/09/2022
418,Muffins - Assorted,28/03/2022
419,Wine - Jafflin Bourgongone,19/12/2021
420,Tea - Lemon Green Tea,03/09/2022
421,Wooden Mop Handle,19/04/2022
422,Oil - Sunflower,22/09/2022
423,Pumpkin,28/01/2022
424,"Shrimp - 16/20, Peeled Deviened",
425,"Pepper - Green, Chili",30/07/2022
426,Bread - Mini Hamburger Bun,31/07/2022
427,Truffle - Peelings,
428,Bread - Ciabatta Buns,28/03/2022
429,Beans - Butter Lrg Lima,
430,Cabbage Roll,12/04/2022
431,Cabbage - Green,04/05/2022
432,Sauce - Oyster,18/08/2022
433,Ocean Spray - Kiwi Strawberry,31/12/2021
434,"Pasta - Fusili, Dry",15/06/2022
435,Glycerine,01/08/2022
436,Bread - Granary Small Pull,
437,Yams,18/04/2022
438,"Sauce - Black Current, Dry Mix",24/07/2022
439,"Beef - Bones, Cut - Up",17/05/2022
440,Container - Clear 32 Oz,06/03/2022
441,The Pop Shoppe - Root Beer,27/03/2022
442,"Mushroom - Oyster, Fresh",11/08/2022
443,Wine - Delicato Merlot,16/04/2022
444,Haggis,05/01/2022
445,Bagel - Whole White Sesame,25/12/2021
446,"Veal - Insides, Grains",24/09/2022
447,Vodka - Moskovskaya,30/08/2022
448,Napkin - Beverage 1 Ply,13/10/2022
449,Flour - Teff,13/10/2022
450,Drambuie,12/01/2022
451,"Soup - Knorr, French Onion",07/12/2021
452,Carbonated Water - Blackberry,02/05/2022
453,Nantucket Pine Orangebanana,24/08/2022
454,Wine - Masi Valpolocell,03/06/2022
455,Egg Patty Fried,07/10/2022
456,"Turkey - Whole, Fresh",03/06/2022
457,Sauce - Thousand Island,23/11/2021
458,Mint - Fresh,23/03/2022
459,"Beef - Rib Roast, Cap On",26/01/2022
460,Muffin - Mix - Strawberry Rhubarb,
461,"Pasta - Penne Primavera, Single",20/04/2022
462,Cookie Dough - Chocolate Chip,19/05/2022
463,Persimmons,19/02/2022
464,Kellogs Cereal In A Cup,01/06/2022
465,Lemon Tarts,22/05/2022
466,Lobster - Live,30/11/2021
467,Pork - Ground,20/06/2022
468,"Chilli Paste, Sambal Oelek",20/11/2021
469,"Lamb - Shoulder, Boneless",25/11/2021
470,Cafe Royale,26/09/2022
471,"Pepper - Black, Whole",06/08/2022
472,Sprouts - Peppercress,30/12/2021
473,"Chicken - Diced, Cooked",18/03/2022
474,Syrup - Pancake,05/07/2022
475,"Tart Shells - Barquettes, Savory",22/12/2021
476,Bar Mix - Lemon,01/07/2022
477,Beer - Tetleys,09/10/2022
478,Pectin,27/02/2022
479,Bar Nature Valley,23/01/2022
480,Everfresh Products,05/03/2022
481,Sauce - Thousand Island,23/11/2021
482,Wine - Niagara Peninsula Vqa,
483,Galliano,25/05/2022
484,"Nut - Hazelnut, Whole",13/06/2022
485,Coriander - Seed,27/12/2021
486,Plate Pie Foil,26/11/2021
487,Mousse - Banana Chocolate,16/02/2022
488,"Butter - Salted, Micro",
489,Jack Daniels,22/01/2022
490,"Shrimp - 16/20, Peeled Deviened",
491,Carbonated Water - Cherry,05/06/2022
492,Knife Plastic - White,22/11/2021
493,Vector Energy Bar,
494,Mangostein,05/01/2022
495,Wine - Champagne Brut Veuve,26/06/2022
496,Soup - Campbells Mushroom,03/09/2022
497,Ice Cream Bar - Oreo Cone,05/07/2022
498,Ice Cream Bar - Rolo Cone,24/04/2022
499,Truffle Shells - White Chocolate,19/03/2022
500,Silicone Paper 16.5x24,23/01/2022
501,"Syrup - Monin, Amaretta",17/08/2022
502,"Champagne - Brights, Dry",18/06/2022
503,Chips Potato Swt Chilli Sour,07/01/2022
504,Cut Wakame - Hanawakaba,18/08/2022
505,Artichoke - Fresh,19/12/2021
506,Beans - Fava Fresh,27/03/2022
507,Spinach - Frozen,16/10/2021
508,Wine - Cousino Macul Antiguas,20/05/2022
509,Cheese - La Sauvagine,12/07/2022
510,Chicken - White Meat With Tender,05/10/2022
511,Maple Syrup,
512,Wine - Touraine Azay - Le - Rideau,23/04/2022
513,English Muffin,09/05/2022
514,The Pop Shoppe - Cream Soda,27/09/2022
515,Wiberg Super Cure,13/08/2022
516,Muffin Hinge 117n,22/11/2021
517,Truffle Cups - Brown,24/11/2021
518,Truffle Cups - White Paper,
519,Bread - White Mini Epi,12/07/2022
520,Halibut - Fletches,10/12/2021
521,Sugar - Splenda Sweetener,24/12/2021
522,Crab - Imitation Flakes,
523,Island Oasis - Pina Colada,
524,Apple - Northern Spy,28/11/2021
525,Sugar - White Packet,08/08/2022
526,Green Scrubbie Pad H.duty,12/06/2022
527,"Beef - Outside, Round",13/01/2022
528,Coffee - Egg Nog Capuccino,04/10/2022
529,Fish - Bones,09/11/2021
530,"Capon - Breast, Double, Wing On",
531,Wine - Riesling Alsace Ac 2001,26/04/2022
532,"Chocolate - Pistoles, White",06/06/2022
533,Soup - Base Broth Beef,25/03/2022
534,Crush - Cream Soda,23/07/2022
535,"Mushroom - Porcini, Dry",05/11/2021
536,Dc - Frozen Momji,27/07/2022
537,Okra,12/08/2022
538,Cheese - Brick With Pepper,08/02/2022
539,Banana - Leaves,29/06/2022
540,Ice Cream Bar - Hageen Daz To,02/10/2022
541,Energy Drink - Franks Pineapple,11/11/2021
542,"Juice - Apple, 1.36l",11/01/2022
543,Lamb - Loin Chops,13/06/2022
544,Urban Zen Drinks,12/04/2022
545,Galliano,01/04/2022
546,Basil - Pesto Sauce,29/06/2022
547,Truffle Shells - White Chocolate,14/07/2022
548,Bread - Corn Muffaletta,26/11/2021
549,"Wine - White, Pelee Island",01/10/2022
550,Wine - Cotes Du Rhone,17/09/2022
551,Wine - Zinfandel Rosenblum,11/04/2022
552,Tea - Lemon Scented,06/02/2022
553,Extract Vanilla Pure,21/05/2022
554,"Doilies - 10, Paper",11/11/2021
555,Milk 2% 500 Ml,17/12/2021
556,"Marjoram - Dried, Rubbed",22/07/2022
557,Flour - Chickpea,
558,Dawn Professionl Pot And Pan,30/12/2021
559,Pails With Lids,13/02/2022
560,Eggplant Italian,02/07/2022
561,Wonton Wrappers,
562,Steampan Lid,27/08/2022
563,"Chicken - Breast, 5 - 7 Oz",27/01/2022
564,Muffin Hinge Container 6,
565,"Pepper - Paprika, Spanish",03/03/2022
566,Table Cloth 53x53 White,29/09/2022
567,Pizza Pizza Dough,03/03/2022
568,"Bread - Pita, Mini",
569,Goldschalger,
570,Truffle Cups - White Paper,13/09/2022
571,Sausage - Chorizo,06/10/2022
572,Chips Potato Salt Vinegar 43g,19/05/2022
573,Shopper Bag - S - 4,
574,Mussels - Frozen,11/03/2022
575,Cheese - Marble,16/09/2022
576,Icecream - Dstk Super Cone,18/02/2022
577,Wine - Fontanafredda Barolo,02/11/2021
578,"Squash - Pattypan, Yellow",23/09/2022
579,Coffee - Hazelnut Cream,07/06/2022
580,Lemon Balm - Fresh,18/07/2022
581,Lid Tray - 16in Dome,23/05/2022
582,Wine - Magnotta - Pinot Gris Sr,30/11/2021
583,Mustard - Seed,03/04/2022
584,Nantucket - Carrot Orange,05/06/2022
585,Wine - Riesling Alsace Ac 2001,17/11/2021
586,Ecolab - Ster Bac,07/12/2021
587,"Turkey - Breast, Bone - In",21/05/2022
588,French Kiss Vanilla,15/09/2022
589,Cake - Bande Of Fruit,24/10/2021
590,Chives - Fresh,12/11/2021
591,Silicone Parch. 16.3x24.3,11/01/2022
592,Tomatoes Tear Drop,09/10/2022
593,"Stock - Veal, White",25/05/2022
594,"Pepper - Black, Whole",
595,Red Currants,25/07/2022
596,Cornflakes,20/01/2022
597,Sage - Ground,14/08/2022
598,Butcher Twine 4r,11/06/2022
599,"Rum - Light, Captain Morgan",
600,"Rum - Spiced, Captain Morgan",14/12/2021
601,Dikon,19/02/2022
602,Bagelers,
603,"Oil - Olive, Extra Virgin",06/01/2022
604,Fondant - Icing,25/10/2021
605,Bread Country Roll,24/10/2021
606,Filo Dough,22/10/2021
607,Icecream - Dstk Cml And Fdg,24/01/2022
608,Sage Derby,25/06/2022
609,Sauce - Alfredo,02/12/2021
610,Nori Sea Weed,29/08/2022
611,"Wine - Red, Mosaic Zweigelt",13/01/2022
612,Soy Protein,11/12/2021
613,Glucose,24/01/2022
614,Squid - U - 10 Thailand,14/10/2022
615,Eggplant - Regular,28/09/2022
616,Cornflakes,10/12/2021
617,Breadfruit,07/12/2021
618,Cabbage - Nappa,27/05/2022
619,Calypso - Black Cherry Lemonade,21/05/2022
620,Wine - Placido Pinot Grigo,07/02/2022
621,Ginger - Crystalized,24/05/2022
622,Steampan - Half Size Shallow,20/09/2022
623,Flounder - Fresh,03/05/2022
624,Wasabi Paste,29/01/2022
625,"Nut - Almond, Blanched, Whole",14/03/2022
626,Wine - Riesling Dr. Pauly,22/04/2022
627,Turkey - Ground. Lean,16/09/2022
628,Mousse - Mango,01/07/2022
629,Lettuce - Baby Salad Greens,02/05/2022
630,Sping Loaded Cup Dispenser,
631,Wine - Malbec Trapiche Reserve,13/08/2022
632,Potato - Sweet,17/11/2021
633,"Turkey - Breast, Boneless Sk On",31/12/2021
634,Pork - Bacon Cooked Slcd,
635,Bread - Crusty Italian Poly,21/09/2022
636,Cheese - Gouda,03/01/2022
637,Pheasants - Whole,11/09/2022
638,"Coffee - Beans, Whole",01/04/2022
639,Eggplant - Baby,05/11/2021
640,Coffee - Dark Roast,
641,Long Island Ice Tea,12/02/2022
642,Napkin White - Starched,13/07/2022
643,"Oil - Food, Lacquer Spray",11/05/2022
644,Squid U5 - Thailand,08/02/2022
645,Pie Shell - 9,
646,"Pork - Bacon, Double Smoked",24/12/2021
647,Glass Clear 8 Oz,03/11/2021
648,"Pepper - Black, Ground",29/06/2022
649,Plasticknivesblack,20/06/2022
650,Laundry - Bag Cloth,09/06/2022
651,"Lentils - Red, Dry",02/01/2022
652,Wine - Puligny Montrachet A.,06/09/2022
653,Ice Cream - Turtles Stick Bar,09/10/2022
654,Sage - Rubbed,07/10/2022
655,Almonds Ground Blanched,
656,"Ham - Smoked, Bone - In",20/04/2022
657,Sweet Pea Sprouts,14/06/2022
658,Soup Campbells Beef With Veg,03/01/2022
659,Squid - Breaded,
660,Cookies Cereal Nut,09/05/2022
661,Mcguinness - Blue Curacao,
662,Muffin Mix - Chocolate Chip,10/03/2022
663,"Radish - Black, Winter, Organic",16/04/2022
664,Calypso - Lemonade,14/02/2022
665,Shrimp - 31/40,11/09/2022
666,Aspic - Amber,15/04/2022
667,Grapefruit - White,29/08/2022
668,Cornstarch,15/06/2022
669,Sweet Pea Sprouts,27/11/2021
670,Cheese - Brie Roitelet,
671,Curry Powder Madras,25/03/2022
672,"Pepsi, 355 Ml",31/07/2022
673,V8 Splash Strawberry Banana,27/05/2022
674,"Squash - Pattypan, Yellow",28/10/2021
675,Chicken Giblets,30/11/2021
676,"Carrots - Mini, Stem On",06/04/2022
677,Sprouts - Peppercress,15/10/2021
678,Marjoram - Fresh,29/10/2021
679,Cocktail Napkin Blue,05/09/2022
680,Maintenance Removal Charge,20/04/2022
681,Tuna - Salad Premix,06/11/2021
682,Alize Sunset,31/03/2022
683,Coffee Decaf Colombian,29/01/2022
684,Mousse - Passion Fruit,07/01/2022
685,Cake - Mini Potato Pancake,27/12/2021
686,Venison - Denver Leg Boneless,14/01/2022
687,Veal - Leg,29/03/2022
688,"Wine - Red, Gallo, Merlot",07/09/2022
689,Wine - Vineland Estate Semi - Dry,
690,Wine - Duboeuf Beaujolais,28/08/2022
691,Tamarind Paste,10/03/2022
692,Sterno - Chafing Dish Fuel,04/12/2021
693,Bacardi Limon,22/09/2022
694,Wine - Prosecco Valdobienne,08/02/2022
695,"Juice - Pineapple, 341 Ml",11/05/2022
696,Capers - Pickled,03/01/2022
697,Apron,20/05/2022
698,Sorrel - Fresh,02/12/2021
699,Cake - Sheet Strawberry,22/04/2022
700,Muffin Mix - Oatmeal,12/10/2022
701,Island Oasis - Sweet And Sour Mix,26/11/2021
702,"Thyme - Lemon, Fresh",29/11/2021
703,Haggis,20/04/2022
704,"Juice - Apple, 1.36l",25/01/2022
705,Piping Jelly - All Colours,09/04/2022
706,Cookie Dough - Chocolate Chip,08/06/2022
707,Macaroons - Homestyle Two Bit,18/03/2022
708,Cake - Bande Of Fruit,03/12/2021
709,Chocolate - Sugar Free Semi Choc,19/08/2022
710,"Flour - Bran, Red",19/03/2022
711,Scallops - U - 10,11/09/2022
712,Wine - Marlbourough Sauv Blanc,
713,Raisin - Golden,30/07/2022
714,Napkin Colour,31/10/2021
715,Island Oasis - Sweet And Sour Mix,21/09/2022
716,Beef - Striploin,19/05/2022
717,Potatoes - Peeled,02/03/2022
718,Seaweed Green Sheets,26/04/2022
719,Wine - Two Oceans Cabernet,27/01/2022
720,Butter Sweet,11/01/2022
721,Clams - Bay,07/12/2021
722,Skirt - 24 Foot,17/01/2022
723,Pastry - Baked Scones - Mini,30/06/2022
724,Mussels - Cultivated,29/06/2022
725,Tomato - Tricolor Cherry,22/03/2022
726,"Chicken - White Meat, No Tender",07/12/2021
727,Wild Boar - Tenderloin,13/05/2022
728,Cleaner - Comet,25/04/2022
729,"Soup - Cream Of Broccoli, Dry",25/07/2022
730,Sandwich Wrap,30/05/2022
731,Croissants Thaw And Serve,13/02/2022
732,"Juice - Clam, 46 Oz",
733,Lettuce - California Mix,28/02/2022
734,Soup - Campbells Broccoli,21/09/2022
735,Dill Weed - Fresh,14/04/2022
736,Cookies - Englishbay Chochip,04/06/2022
737,Wine - Pinot Noir Mondavi Coastal,27/02/2022
738,Wine - Crozes Hermitage E.,05/07/2022
739,Dried Cranberries,17/06/2022
740,Kaffir Lime Leaves,28/12/2021
741,Gatorade - Orange,02/11/2021
742,Soup - Campbells Bean Medley,27/10/2021
743,Dates,09/08/2022
744,Guinea Fowl,02/02/2022
745,Lotus Root,
746,Foam Cup 6 Oz,21/06/2022
747,Muffin - Mix - Mango Sour Cherry,02/12/2021
748,"Seedlings - Buckwheat, Organic",11/10/2022
749,"Nestea - Ice Tea, Diet",30/03/2022
750,Spinach - Spinach Leaf,28/01/2022
751,Pop Shoppe Cream Soda,25/03/2022
752,"Stock - Chicken, White",
753,Beef - Top Butt Aaa,04/10/2022
754,Sugar - Palm,01/05/2022
755,"Hickory Smoke, Liquid",16/01/2022
756,"Croissant, Raw - Mini",28/10/2021
757,Cookie - Dough Variety,15/05/2022
758,Appetizer - Chicken Satay,09/08/2022
759,Tea - Jasmin Green,29/01/2022
760,Gatorade - Xfactor Berry,26/09/2022
761,Cattail Hearts,19/07/2022
762,"Wine - White, Gewurtzraminer",28/11/2021
763,Magnotta Bel Paese Red,27/10/2021
764,Appetizer - Southwestern,01/12/2021
765,"Cheese - Mozzarella, Buffalo",12/07/2022
766,Pie Pecan,21/10/2021
767,Cookies - Englishbay Chochip,20/10/2021
768,Sauce - Mint,06/11/2021
769,Longos - Chicken Caeser Salad,08/01/2022
770,Shopper Bag - S - 4,07/03/2022
771,Rice - Brown,20/11/2021
772,Anchovy Paste - 56 G Tube,
773,"Water - Spring Water, 355 Ml",20/09/2022
774,Compound - Pear,10/06/2022
775,Chocolate - White,22/12/2021
776,Bay Leaf Ground,15/07/2022
777,Crawfish,03/03/2022
778,Pepperoni Slices,19/01/2022
779,Wine - Pinot Noir Latour,19/02/2022
780,Mussels - Cultivated,26/03/2022
781,Ham - Virginia,25/11/2021
782,Pizza Pizza Dough,21/07/2022
783,White Baguette,08/10/2022
784,Wine - Dubouef Macon - Villages,17/10/2021
785,Muffin Batt - Carrot Spice,16/01/2022
786,Pimento - Canned,29/11/2021
787,Bacardi Breezer - Strawberry,12/06/2022
788,Zucchini - Yellow,23/12/2021
789,Ecolab - Ster Bac,29/12/2021
790,Pie Shell - 9,18/04/2022
791,Wine - Saint Emilion Calvet,29/12/2021
792,Cake - Mini Cheesecake,11/05/2022
793,Truffle Cups Green,18/05/2022
794,"Split Peas - Yellow, Dry",28/01/2022
795,"Bread - Roll, Calabrese",07/05/2022
796,Cafe Royale,09/09/2022
797,Wine - Sicilia Igt Nero Avola,03/01/2022
798,Garbage Bag - Clear,18/12/2021
799,Soup - Base Broth Beef,
800,Table Cloth 90x90 White,23/07/2022
801,Wine - Ruffino Chianti Classico,06/05/2022
802,Soup Bowl Clear 8oz92008,30/08/2022
803,Food Colouring - Orange,17/09/2022
804,Tomatoes - Cherry,09/03/2022
805,"Beef - Bones, Cut - Up",05/01/2022
806,Longan,10/04/2022
807,"Lid - Translucent, 3.5 And 6 Oz",25/09/2022
808,"Brocolinni - Gaylan, Chinese",09/09/2022
809,Sprouts - Baby Pea Tendrils,11/10/2022
810,Cup - 4oz Translucent,09/05/2022
811,Onion - Dried,04/10/2022
812,Bread - French Stick,
813,Chicken - Base,10/03/2022
814,"Chilli Paste, Sambal Oelek",
815,Sprouts - Bean,27/09/2022
816,Cheese - Swiss Sliced,02/04/2022
817,Wine - Toasted Head,16/02/2022
818,Longos - Grilled Salmon With Bbq,17/11/2021
819,"Mop Head - Cotton, 24 Oz",20/08/2022
820,Ice Cream - Life Savers,27/02/2022
821,Veal - Kidney,15/07/2022
822,Bread - Pita,22/04/2022
823,Nantucket Pine Orangebanana,
824,Yoghurt Tubes,17/01/2022
825,Cabbage - Red,12/02/2022
826,"Chocolate - Semi Sweet, Calets",11/04/2022
827,Cheese - Mozzarella,19/12/2021
828,Kellogs All Bran Bars,29/11/2021
829,Cakes Assorted,13/04/2022
830,"Pork - Tenderloin, Frozen",16/12/2021
831,Wine - White Cab Sauv.on,12/08/2022
832,Wine - Fino Tio Pepe Gonzalez,20/08/2022
833,Kiwi Gold Zespri,18/07/2022
834,Glaze - Clear,10/11/2021
835,"Wine - White, French Cross",17/12/2021
836,Hot Chocolate - Individual,05/03/2022
837,Coffee - Decaffeinato Coffee,13/03/2022
838,"Soup - Knorr, Chicken Gumbo",21/08/2022
839,Cabbage Roll,18/09/2022
840,Fiddlehead - Frozen,14/01/2022
841,"Pepper - Green, Chili",09/09/2022
842,Nutmeg - Ground,28/06/2022
843,Yokaline,10/07/2022
844,Apricots Fresh,22/05/2022
845,Shrimp - Tiger 21/25,28/05/2022
846,Ice Cream Bar - Oreo Cone,04/01/2022
847,"Tomatoes - Plum, Canned",21/07/2022
848,Blueberries - Frozen,
849,Tray - 16in Rnd Blk,05/12/2021
850,Crackers Cheez It,08/11/2021
851,Cream Of Tartar,05/01/2022
852,Wine - Vidal Icewine Magnotta,27/03/2022
853,Pastry - Lemon Danish - Mini,30/07/2022
854,"Fish - Scallops, Cold Smoked",29/07/2022
855,Tahini Paste,21/02/2022
856,Carbonated Water - Lemon Lime,12/12/2021
857,Wine - Chateau Timberlay,06/04/2022
858,Pur Value,28/11/2021
859,Scallop - St. Jaques,16/02/2022
860,"Soup - Campbells, Chix Gumbo",23/07/2022
861,Molasses - Fancy,25/09/2022
862,Coffee - Almond Amaretto,
863,Wine - Cava Aria Estate Brut,05/10/2022
864,Cabbage - Red,03/05/2022
865,"Onions - Dried, Chopped",27/11/2021
866,Tomatillo,09/08/2022
867,"Soup - Cream Of Broccoli, Dry",
868,Wine - Vovray Sec Domaine Huet,19/11/2021
869,Mushroom Morel Fresh,13/03/2022
870,Soap - Pine Sol Floor Cleaner,12/02/2022
871,Wild Boar - Tenderloin,02/07/2022
872,English Muffin,24/04/2022
873,Cabbage Roll,02/03/2022
874,Pie Box - Cello Window 2.5,03/10/2022
875,"Halibut - Whole, Fresh",16/11/2021
876,Beans - Soya Bean,19/02/2022
877,Bread Base - Toscano,09/09/2022
878,Ecolab - Lime - A - Way 4/4 L,17/06/2022
879,Island Oasis - Raspberry,24/05/2022
880,"Pasta - Rotini, Dry",02/03/2022
881,Sobe - Cranberry Grapefruit,28/04/2022
882,Mace Ground,10/03/2022
883,Bread - Rye,14/03/2022
884,Mints - Striped Red,24/02/2022
885,"Club Soda - Schweppes, 355 Ml",09/09/2022
886,Bread Base - Goodhearth,06/07/2022
887,Sobe - Orange Carrot,04/04/2022
888,Cabbage - Red,24/09/2022
889,Coffee - Hazelnut Cream,
890,Lemons,09/02/2022
891,"Lamb - Shoulder, Boneless",08/12/2021
892,Appetizer - Chicken Satay,11/09/2022
893,Beef Cheek Fresh,25/04/2022
894,Ice Cream - Chocolate,12/11/2021
895,Beer - Tetleys,20/06/2022
896,Sherry - Dry,23/12/2021
897,Cake - Cake Sheet Macaroon,12/11/2021
898,Bandage - Fexible 1x3,11/06/2022
899,Filter - Coffee,
900,Plastic Arrow Stir Stick,22/12/2021
901,"Lemonade - Island Tea, 591 Ml",25/07/2022
902,Onions - Cooking,23/05/2022
903,"Juice - Apple, 500 Ml",04/07/2022
904,Vaccum Bag - 14x20,
905,Bread Cranberry Foccacia,11/06/2022
906,Sole - Iqf,11/12/2021
907,Bread - Dark Rye,27/05/2022
908,Southern Comfort,19/02/2022
909,Campari,03/03/2022
910,Bread - Ciabatta Buns,
911,Cafe Royale,18/04/2022
912,Rabbit - Legs,13/01/2022
913,Wine - Chateau Bonnet,29/08/2022
914,"Tray - Foam, Square 4 - S",10/02/2022
915,Spring Roll Veg Mini,18/01/2022
916,Spice - Chili Powder Mexican,19/06/2022
917,"Doilies - 5, Paper",24/01/2022
918,Cake - Night And Day Choclate,09/06/2022
919,Shopper Bag - S - 4,13/11/2021
920,Iced Tea Concentrate,03/03/2022
921,Beans - French,24/03/2022
922,"Tendrils - Baby Pea, Organic",06/06/2022
923,Praline Paste,22/10/2021
924,Broccoli - Fresh,09/11/2021
925,Stainless Steel Cleaner Vision,11/08/2022
926,Muffin Mix - Corn Harvest,12/02/2022
927,Muffin Mix - Chocolate Chip,03/01/2022
928,"Veal - Inside, Choice",07/05/2022
929,Dooleys Toffee,25/09/2022
930,"Pepper - White, Ground",05/07/2022
931,Dc - Sakura Fu,10/01/2022
932,Flour - Rye,11/11/2021
933,Hog / Sausage Casing - Pork,19/08/2022
934,Salmon - Sockeye Raw,22/09/2022
935,"Coffee - Beans, Whole",17/01/2022
936,Basil - Pesto Sauce,17/05/2022
937,Wine - Jackson Triggs Okonagan,18/02/2022
938,Lettuce - Curly Endive,14/01/2022
939,Lid Coffeecup 12oz D9542b,12/09/2022
940,Towel - Roll White,14/04/2022
941,Lumpfish Black,14/12/2021
942,Bread - Malt,17/01/2022
943,Cream - 18%,24/05/2022
944,Bread Ww Cluster,29/10/2021
945,Muffin - Mix - Strawberry Rhubarb,18/01/2022
946,"Veal - Brisket, Provimi,bnls",04/12/2021
947,Rice - Basmati,03/12/2021
948,Flavouring - Raspberry,10/06/2022
949,Venison - Liver,27/08/2022
950,Jagermeister,28/01/2022
951,Cornish Hen,
952,"Wine - Red, Metus Rose",06/11/2021
953,Ice Cream Bar - Hagen Daz,
954,Onions - Pearl,
955,"Bread - White, Sliced",01/05/2022
956,"Lemonade - Island Tea, 591 Ml",15/03/2022
957,Water - Spring Water 500ml,11/01/2022
958,Sprouts - Peppercress,06/10/2022
959,Wine - Chateauneuf Du Pape,06/07/2022
960,Swiss Chard - Red,28/01/2022
961,Tea - Decaf Lipton,
962,Potatoes - Peeled,
963,Muffin Puck Ww Carrot,05/07/2022
964,Ginger - Ground,04/04/2022
965,Spring Roll Wrappers,30/01/2022
966,"Mushroom - Porcini, Dry",
967,Island Oasis - Raspberry,
968,Muffin Hinge Container 6,09/12/2021
969,Sauce - Demi Glace,21/12/2021
970,"Lemonade - Strawberry, 591 Ml",26/07/2022
971,Samosa - Veg,31/08/2022
972,Cheese - Bakers Cream Cheese,27/01/2022
973,"Apple - Delicious, Red",30/09/2022
974,Pail For Lid 1537,29/12/2021
975,Sauce Tomato Pouch,31/12/2021
976,Water - San Pellegrino,13/03/2022
977,Lettuce - Iceberg,03/02/2022
978,Cardamon Seed / Pod,15/10/2021
979,Island Oasis - Ice Cream Mix,17/04/2022
980,Wine - Riesling Dr. Pauly,22/10/2021
981,Pastry - Chocolate Chip Muffin,26/04/2022
982,Bread - 10 Grain Parisian,26/02/2022
983,Energy Drink,08/09/2022
984,"Pepsi, 355 Ml",10/02/2022
985,Dried Figs,
986,Bread - Italian Roll With Herbs,04/09/2022
987,"Beef - Tenderlion, Center Cut",17/12/2021
988,Beef - Tenderloin,24/12/2021
989,Cookie - Dough Variety,24/03/2022
990,Wine - Prosecco Valdobiaddene,15/04/2022
991,Ham - Cooked,10/03/2022
992,Veal Inside - Provimi,18/05/2022
993,Muffin - Carrot Individual Wrap,
994,French Pastries,28/04/2022
995,Pasta - Cheese / Spinach Bauletti,27/03/2022
996,"Turkey - Breast, Bone - In",08/12/2021
997,Wine - Soave Folonari,18/06/2022
998,Chips - Doritos,08/09/2022
999,Melon - Watermelon Yellow,
1000,Milk 2% 500 Ml,03/11/2021
